{
  "nvd": {
    "total_all_time": 308920,
    "total_2025": 48185,
    "total_2024": 39962,
    "yoy_change": 20.577048195785995,
    "cvss_v3_coverage_2025": 91.30434782608695,
    "cwe_coverage_2025": 92.27975511051157,
    "avg_cvss_2025": 6.601295601772929,
    "critical_2025": 3984,
    "high_2025": 15003
  },
  "cvelist": {
    "total_all_time": 308930,
    "total_2025": 48186,
    "published_2025": "48186",
    "rejected_2025": "0",
    "unique_cnas_2025": 365,
    "unique_vendors_2025": 9632,
    "top_cna": "Patchstack"
  }
}